sample_id,scenario_tag,heart_rate_bpm,rmssd_ms,spo2_pct,skin_temp_c,ambient_temp_c,ambient_humidity_pct,imu_jerk_ms3,aqi_ppm,barometric_pressure_hpa,flood_threat_index,risk_class,risk_tier
1,Normal Baseline,75.0,40.0,98.0,34.2,24.6,48.2,0.8,35.0,1013.2,0.04,0,NOMINAL_GREEN
1,Normal Baseline,75.0,40.0,98.0,34.2,24.6,48.2,0.8,35.0,1013.2,0.04,0,NOMINAL_GREEN
1,Normal Baseline,75.0,40.0,98.0,34.2,24.6,48.2,0.8,35.0,1013.2,0.04,0,NOMINAL_GREEN
1,Normal Baseline,75.0,40.0,98.0,34.2,24.6,48.2,0.8,35.0,1013.2,0.04,0,NOMINAL_GREEN
1,Normal Baseline,75.0,40.0,98.0,34.2,24.6,48.2,0.8,35.0,1013.2,0.04,0,NOMINAL_GREEN
1,Normal Baseline,75.0,40.0,98.0,34.2,24.6,48.2,0.8,35.0,1013.2,0.04,0,NOMINAL_GREEN
1,Normal Baseline,75.0,40.0,98.0,34.2,24.6,48.2,0.8,35.0,1013.2,0.04,0,NOMINAL_GREEN
1,Normal Baseline,75.0,40.0,98.0,34.2,24.6,48.2,0.8,35.0,1013.2,0.04,0,NOMINAL_GREEN
1,Normal Baseline,75.0,40.0,98.0,34.2,24.6,48.2,0.8,35.0,1013.2,0.04,0,NOMINAL_GREEN
1,Normal Baseline,75.0,40.0,98.0,34.2,24.6,48.2,0.8,35.0,1013.2,0.04,0,NOMINAL_GREEN
1,Normal Baseline,75.0,40.0,98.0,34.2,24.6,48.2,0.8,35.0,1013.2,0.04,0,NOMINAL_GREEN
1,Normal Baseline,75.0,40.0,98.0,34.2,24.6,48.2,0.8,35.0,1013.2,0.04,0,NOMINAL_GREEN
1,Normal Baseline,75.0,40.0,98.0,34.2,24.6,48.2,0.8,35.0,1013.2,0.04,0,NOMINAL_GREEN
1,Normal Baseline,75.0,40.0,98.0,34.2,24.6,48.2,0.8,35.0,1013.2,0.04,0,NOMINAL_GREEN
1,Normal Baseline,75.0,40.0,98.0,34.2,24.6,48.2,0.8,35.0,1013.2,0.04,0,NOMINAL_GREEN
1,Normal Baseline,75.0,40.0,98.0,34.2,24.6,48.2,0.8,35.0,1013.2,0.04,0,NOMINAL_GREEN
1,Normal Baseline,75.0,40.0,98.0,34.2,24.6,48.2,0.8,35.0,1013.2,0.04,0,NOMINAL_GREEN
1,Normal Baseline,75.0,40.0,98.0,34.2,24.6,48.2,0.8,35.0,1013.2,0.04,0,NOMINAL_GREEN
1,Normal Baseline,75.0,40.0,98.0,34.2,24.6,48.2,0.8,35.0,1013.2,0.04,0,NOMINAL_GREEN
1,Normal Baseline,75.0,40.0,98.0,34.2,24.6,48.2,0.8,35.0,1013.2,0.04,0,NOMINAL_GREEN
1,Normal Baseline,75.0,40.0,98.0,34.2,24.6,48.2,0.8,35.0,1013.2,0.04,0,NOMINAL_GREEN
1,Normal Baseline,75.0,40.0,98.0,34.2,24.6,48.2,0.8,35.0,1013.2,0.04,0,NOMINAL_GREEN
1,Normal Baseline,75.0,40.0,98.0,34.2,24.6,48.2,0.8,35.0,1013.2,0.04,0,NOMINAL_GREEN
1,Normal Baseline,75.0,40.0,98.0,34.2,24.6,48.2,0.8,35.0,1013.2,0.04,0,NOMINAL_GREEN
1,Normal Baseline,75.0,40.0,98.0,34.2,24.6,48.2,0.8,35.0,1013.2,0.04,0,NOMINAL_GREEN
1,Normal Baseline,75.0,40.0,98.0,34.2,24.6,48.2,0.8,35.0,1013.2,0.04,0,NOMINAL_GREEN
1,Normal Baseline,75.0,40.0,98.0,34.2,24.6,48.2,0.8,35.0,1013.2,0.04,0,NOMINAL_GREEN
1,Normal Baseline,75.0,40.0,98.0,34.2,24.6,48.2,0.8,35.0,1013.2,0.04,0,NOMINAL_GREEN
1,Normal Baseline,75.0,40.0,98.0,34.2,24.6,48.2,0.8,35.0,1013.2,0.04,0,NOMINAL_GREEN
1,Normal Baseline,75.0,40.0,98.0,34.2,24.6,48.2,0.8,35.0,1013.2,0.04,0,NOMINAL_GREEN
1,Normal Baseline,75.0,40.0,98.0,34.2,24.6,48.2,0.8,35.0,1013.2,0.04,0,NOMINAL_GREEN
1,Normal Baseline,75.0,40.0,98.0,34.2,24.6,48.2,0.8,35.0,1013.2,0.04,0,NOMINAL_GREEN
1,Normal Baseline,75.0,40.0,98.0,34.2,24.6,48.2,0.8,35.0,1013.2,0.04,0,NOMINAL_GREEN
1,Normal Baseline,75.0,40.0,98.0,34.2,24.6,48.2,0.8,35.0,1013.2,0.04,0,NOMINAL_GREEN
1,Normal Baseline,75.0,40.0,98.0,34.2,24.6,48.2,0.8,35.0,1013.2,0.04,0,NOMINAL_GREEN
1,Normal Baseline,75.0,40.0,98.0,34.2,24.6,48.2,0.8,35.0,1013.2,0.04,0,NOMINAL_GREEN
1,Normal Baseline,75.0,40.0,98.0,34.2,24.6,48.2,0.8,35.0,1013.2,0.04,0,NOMINAL_GREEN
1,Normal Baseline,75.0,40.0,98.0,34.2,24.6,48.2,0.8,35.0,1013.2,0.04,0,NOMINAL_GREEN
1,Normal Baseline,75.0,40.0,98.0,34.2,24.6,48.2,0.8,35.0,1013.2,0.04,0,NOMINAL_GREEN
1,Normal Baseline,75.0,40.0,98.0,34.2,24.6,48.2,0.8,35.0,1013.2,0.04,0,NOMINAL_GREEN
1,Normal Baseline,75.0,40.0,98.0,34.2,24.6,48.2,0.8,35.0,1013.2,0.04,0,NOMINAL_GREEN
1,Normal Baseline,75.0,40.0,98.0,34.2,24.6,48.2,0.8,35.0,1013.2,0.04,0,NOMINAL_GREEN
1,Normal Baseline,75.0,40.0,98.0,34.2,24.6,48.2,0.8,35.0,1013.2,0.04,0,NOMINAL_GREEN
1,Normal Baseline,75.0,40.0,98.0,34.2,24.6,48.2,0.8,35.0,1013.2,0.04,0,NOMINAL_GREEN
1,Normal Baseline,75.0,40.0,98.0,34.2,24.6,48.2,0.8,35.0,1013.2,0.04,0,NOMINAL_GREEN
1,Normal Baseline,75.0,40.0,98.0,34.2,24.6,48.2,0.8,35.0,1013.2,0.04,0,NOMINAL_GREEN
1,Normal Baseline,75.0,40.0,98.0,34.2,24.6,48.2,0.8,35.0,1013.2,0.04,0,NOMINAL_GREEN
1,Normal Baseline,75.0,40.0,98.0,34.2,24.6,48.2,0.8,35.0,1013.2,0.04,0,NOMINAL_GREEN
1,Normal Baseline,75.0,40.0,98.0,34.2,24.6,48.2,0.8,35.0,1013.2,0.04,0,NOMINAL_GREEN
1,Normal Baseline,75.0,40.0,98.0,34.2,24.6,48.2,0.8,35.0,1013.2,0.04,0,NOMINAL_GREEN
1,Normal Baseline,75.0,40.0,98.0,34.2,24.6,48.2,0.8,35.0,1013.2,0.04,0,NOMINAL_GREEN
1,Normal Baseline,75.0,40.0,98.0,34.2,24.6,48.2,0.8,35.0,1013.2,0.04,0,NOMINAL_GREEN
1,Normal Baseline,75.0,40.0,98.0,34.2,24.6,48.2,0.8,35.0,1013.2,0.04,0,NOMINAL_GREEN
1,Normal Baseline,75.0,40.0,98.0,34.2,24.6,48.2,0.8,35.0,1013.2,0.04,0,NOMINAL_GREEN
1,Normal Baseline,75.0,40.0,98.0,34.2,24.6,48.2,0.8,35.0,1013.2,0.04,0,NOMINAL_GREEN
1,Normal Baseline,75.0,40.0,98.0,34.2,24.6,48.2,0.8,35.0,1013.2,0.04,0,NOMINAL_GREEN
1,Normal Baseline,75.0,40.0,98.0,34.2,24.6,48.2,0.8,35.0,1013.2,0.04,0,NOMINAL_GREEN
1,Normal Baseline,75.0,40.0,98.0,34.2,24.6,48.2,0.8,35.0,1013.2,0.04,0,NOMINAL_GREEN
1,Normal Baseline,75.0,40.0,98.0,34.2,24.6,48.2,0.8,35.0,1013.2,0.04,0,NOMINAL_GREEN
1,Normal Baseline,75.0,40.0,98.0,34.2,24.6,48.2,0.8,35.0,1013.2,0.04,0,NOMINAL_GREEN
1,Normal Baseline,75.0,40.0,98.0,34.2,24.6,48.2,0.8,35.0,1013.2,0.04,0,NOMINAL_GREEN
1,Normal Baseline,75.0,40.0,98.0,34.2,24.6,48.2,0.8,35.0,1013.2,0.04,0,NOMINAL_GREEN
1,Normal Baseline,75.0,40.0,98.0,34.2,24.6,48.2,0.8,35.0,1013.2,0.04,0,NOMINAL_GREEN
1,Normal Baseline,75.0,40.0,98.0,34.2,24.6,48.2,0.8,35.0,1013.2,0.04,0,NOMINAL_GREEN
1,Normal Baseline,75.0,40.0,98.0,34.2,24.6,48.2,0.8,35.0,1013.2,0.04,0,NOMINAL_GREEN
1,Normal Baseline,75.0,40.0,98.0,34.2,24.6,48.2,0.8,35.0,1013.2,0.04,0,NOMINAL_GREEN
1,Normal Baseline,75.0,40.0,98.0,34.2,24.6,48.2,0.8,35.0,1013.2,0.04,0,NOMINAL_GREEN
1,Normal Baseline,75.0,40.0,98.0,34.2,24.6,48.2,0.8,35.0,1013.2,0.04,0,NOMINAL_GREEN
1,Normal Baseline,75.0,40.0,98.0,34.2,24.6,48.2,0.8,35.0,1013.2,0.04,0,NOMINAL_GREEN
1,Normal Baseline,75.0,40.0,98.0,34.2,24.6,48.2,0.8,35.0,1013.2,0.04,0,NOMINAL_GREEN
71,Normal Baseline,120.0,45.0,98.4,34.2,24.6,48.2,0.8,35.0,1013.2,0.04,1,NOMINAL_GREEN
72,Normal Baseline,120.0,45.0,98.4,34.2,24.6,48.2,0.8,35.0,1013.2,0.04,1,NOMINAL_GREEN
73,Normal Baseline,120.0,45.0,98.4,34.2,24.6,48.2,0.8,35.0,1013.2,0.04,1,NOMINAL_GREEN
74,Normal Baseline,120.0,45.0,98.4,34.2,24.6,48.2,0.8,35.0,1013.2,0.04,1,NOMINAL_GREEN
75,Normal Baseline,120.0,45.0,98.4,34.2,24.6,48.2,0.8,35.0,1013.2,0.04,1,NOMINAL_GREEN
76,Normal Baseline,120.0,45.0,98.4,34.2,24.6,48.2,0.8,35.0,1013.2,0.04,1,NOMINAL_GREEN
77,Normal Baseline,120.0,45.0,98.4,34.2,24.6,48.2,0.8,35.0,1013.2,0.04,1,NOMINAL_GREEN
78,Normal Baseline,120.0,45.0,98.4,34.2,24.6,48.2,0.8,35.0,1013.2,0.04,1,NOMINAL_GREEN
79,Normal Baseline,120.0,45.0,98.4,34.2,24.6,48.2,0.8,35.0,1013.2,0.04,1,NOMINAL_GREEN
80,Normal Baseline,120.0,45.0,98.4,34.2,24.6,48.2,0.8,35.0,1013.2,0.04,1,NOMINAL_GREEN
81,Normal Baseline,120.0,45.0,98.4,34.2,24.6,48.2,0.8,35.0,1013.2,0.04,1,NOMINAL_GREEN
82,Normal Baseline,120.0,45.0,98.4,34.2,24.6,48.2,0.8,35.0,1013.2,0.04,1,NOMINAL_GREEN
83,Normal Baseline,120.0,45.0,98.4,34.2,24.6,48.2,0.8,35.0,1013.2,0.04,1,NOMINAL_GREEN
84,Normal Baseline,120.0,45.0,98.4,34.2,24.6,48.2,0.8,35.0,1013.2,0.04,1,NOMINAL_GREEN
85,Normal Baseline,120.0,45.0,98.4,34.2,24.6,48.2,0.8,35.0,1013.2,0.04,1,NOMINAL_GREEN
86,Normal Baseline,120.0,45.0,98.4,34.2,24.6,48.2,0.8,35.0,1013.2,0.04,1,NOMINAL_GREEN
87,Normal Baseline,120.0,45.0,98.4,34.2,24.6,48.2,0.8,35.0,1013.2,0.04,1,NOMINAL_GREEN
88,Normal Baseline,120.0,45.0,98.4,34.2,24.6,48.2,0.8,35.0,1013.2,0.04,1,NOMINAL_GREEN
89,Normal Baseline,120.0,45.0,98.4,34.2,24.6,48.2,0.8,35.0,1013.2,0.04,1,NOMINAL_GREEN
90,Normal Baseline,120.0,45.0,98.4,34.2,24.6,48.2,0.8,35.0,1013.2,0.04,1,NOMINAL_GREEN
91,Normal Baseline,120.0,45.0,98.4,34.2,24.6,48.2,0.8,35.0,1013.2,0.04,1,NOMINAL_GREEN
92,Normal Baseline,120.0,45.0,98.4,34.2,24.6,48.2,0.8,35.0,1013.2,0.04,1,NOMINAL_GREEN
93,Normal Baseline,120.0,45.0,98.4,34.2,24.6,48.2,0.8,35.0,1013.2,0.04,1,NOMINAL_GREEN
94,Normal Baseline,120.0,45.0,98.4,34.2,24.6,48.2,0.8,35.0,1013.2,0.04,1,NOMINAL_GREEN
95,Normal Baseline,120.0,45.0,98.4,34.2,24.6,48.2,0.8,35.0,1013.2,0.04,1,NOMINAL_GREEN
96,Normal Baseline,120.0,45.0,98.4,34.2,24.6,48.2,0.8,35.0,1013.2,0.04,1,NOMINAL_GREEN
97,Normal Baseline,120.0,45.0,98.4,34.2,24.6,48.2,0.8,35.0,1013.2,0.04,1,NOMINAL_GREEN
98,Normal Baseline,120.0,45.0,98.4,34.2,24.6,48.2,0.8,35.0,1013.2,0.04,1,NOMINAL_GREEN
99,Normal Baseline,120.0,45.0,98.4,34.2,24.6,48.2,0.8,35.0,1013.2,0.04,1,NOMINAL_GREEN
100,Normal Baseline,120.0,45.0,98.4,34.2,24.6,48.2,0.8,35.0,1013.2,0.04,1,NOMINAL_GREEN
